date,open,high,low,close,volume,mcap_m
2030-03-18,32.0,38.98,31.52,38.4,34033114,16819.2
2030-03-19,38.48,40.84,37.97,40.3,20197113,17651.4
2030-03-20,40.26,41.85,39.75,41.32,17329537,18098.2
2030-03-21,41.24,42.84,40.62,42.2,17232448,18483.6
2030-03-22,42.0,42.14,41.53,41.68,14626441,18255.8
2030-03-25,42.3,42.77,39.63,40.07,17081812,17550.7
2030-03-26,40.16,41.44,39.86,41.14,12339237,18019.3
2030-03-27,41.15,42.72,39.79,41.36,10644014,18115.7
2030-03-28,40.93,45.36,40.56,44.96,26054597,19692.5
2030-03-29,45.23,45.26,43.87,43.9,12693442,19228.2
2030-04-01,43.56,46.17,42.85,45.42,13869434,19894.0
2030-04-02,45.63,46.44,43.92,44.72,17042451,19587.4
2030-04-03,44.81,46.97,44.73,46.89,20480420,20537.8
2030-04-04,46.87,46.87,45.67,45.67,20100600,20003.5
2030-04-05,45.04,47.1,44.6,46.65,13681319,20432.7
2030-04-08,46.86,47.95,42.0,43.0,23117979,18834.0
2030-04-09,42.88,43.15,40.41,40.67,17749666,17813.5
2030-04-10,40.95,40.95,39.95,39.96,11745103,17502.5
2030-04-11,39.38,40.28,39.22,40.11,10369145,17568.2
2030-04-12,39.81,39.83,38.31,38.32,17457769,16784.2
2030-04-15,38.24,38.52,35.59,35.86,20807877,15706.7
2030-04-16,35.72,37.34,35.32,36.93,16493427,16175.3
2030-04-17,36.72,38.58,36.61,38.47,16642446,16849.9
2030-04-18,38.43,40.09,38.12,39.76,15831540,17414.9
2030-04-19,39.99,42.93,39.88,42.81,21914932,18750.8
2030-04-22,42.67,43.76,42.64,43.73,18518991,19153.7
2030-04-23,44.2,44.55,43.05,43.39,11300600,19004.8
2030-04-24,43.72,44.22,40.76,41.23,20677597,18058.7
2030-04-25,41.46,41.93,40.81,41.28,9435696,18080.6
2030-04-26,41.26,46.71,40.66,46.04,29055264,20165.5
2030-04-29,45.82,46.24,43.4,43.8,15971223,19184.4
2030-04-30,44.23,44.5,40.52,40.77,23860300,17857.3
2030-05-01,40.54,42.19,40.42,42.07,20067013,18426.7
2030-05-02,42.0,42.11,40.73,40.85,13761642,17892.3
2030-05-03,40.92,41.61,37.5,38.14,21318092,16705.3
2030-05-06,38.7,39.14,38.68,39.12,13389825,17134.6
2030-05-07,38.7,39.19,37.89,38.37,18313936,16806.1
2030-05-08,38.17,38.24,35.68,35.74,24268118,15654.1
2030-05-09,36.03,37.45,35.88,37.3,20357907,16337.4
2030-05-10,37.44,37.7,36.55,36.8,10766824,16118.4
2030-05-13,36.83,37.3,36.13,36.61,11581289,16035.2
2030-05-14,36.34,37.09,36.14,36.89,10360193,16157.8
2030-05-15,36.68,39.58,36.02,38.88,17959992,17029.4
2030-05-16,38.85,40.4,38.45,39.99,15591480,17515.6
2030-05-17,39.78,39.87,39.41,39.49,14076977,17296.6
2030-05-20,39.51,39.59,36.7,36.78,19826180,16109.6
2030-05-21,36.53,39.31,35.82,38.57,16576227,16893.7
2030-05-22,38.46,41.32,37.72,40.55,21389409,17760.9
2030-05-23,40.57,40.89,37.84,38.14,22267859,16705.3
2030-05-24,38.15,38.59,37.21,37.65,15083785,16490.7
2030-05-27,37.09,39.97,36.26,39.1,15693752,17125.8
2030-05-28,39.22,41.43,38.5,40.67,16925546,17813.5
2030-05-29,41.04,43.57,40.48,42.98,23218961,18825.2
2030-05-30,42.89,42.94,41.12,41.16,15113890,18028.1
2030-05-31,41.56,42.53,41.42,42.39,13579458,18566.8
2030-06-03,42.2,42.87,40.12,40.77,19210104,17857.3
2030-06-04,40.94,43.16,40.85,43.07,19680171,18864.7
2030-06-05,43.31,43.4,41.8,41.89,14872365,18347.8
2030-06-06,41.82,45.35,41.41,44.91,23406447,19670.6
2030-06-07,44.79,46.25,44.29,45.74,15051439,20034.1
2030-06-10,46.49,46.53,43.97,44.01,18506931,19276.4
2030-06-11,44.21,44.33,41.51,41.63,24681087,18233.9
2030-06-12,41.63,41.67,40.46,40.5,13837397,17739.0
2030-06-13,40.72,41.28,39.41,39.96,13179331,17502.5
2030-06-14,40.16,40.59,37.76,38.16,19110186,16714.1
2030-06-17,38.03,38.22,37.51,37.71,10461798,16517.0
2030-06-18,38.0,38.31,37.18,37.48,13814625,16416.2
2030-06-19,37.34,38.3,37.22,38.18,12613623,16722.8
2030-06-20,38.0,44.62,37.47,44.0,33366669,19272.0
2030-06-21,44.33,44.87,39.23,39.72,25567656,17397.4
2030-06-24,39.38,40.02,36.33,36.93,24201994,16175.3
2030-06-25,36.69,37.29,36.58,37.18,11584298,16284.8
2030-06-26,36.82,37.56,36.74,37.48,12559964,16416.2
2030-06-27,37.52,37.93,37.37,37.78,12299561,16547.6
2030-06-28,37.5,38.02,36.51,37.02,11313746,16214.8
2030-07-01,36.86,38.95,36.4,38.46,22216012,16845.5
2030-07-02,38.46,40.57,38.0,40.08,17810606,17555.0
2030-07-03,40.21,40.47,39.98,40.24,12967687,17625.1
2030-07-04,40.48,40.72,38.21,38.44,16948755,16836.7
2030-07-05,38.53,38.87,38.46,38.81,12315446,16998.8
2030-07-08,38.63,41.0,37.98,40.33,15472843,17664.5
2030-07-09,40.43,40.44,37.05,37.06,22062240,16232.3
2030-07-10,37.37,39.22,36.61,38.44,19849996,16836.7
2030-07-11,38.83,40.53,38.28,39.97,14973233,17506.9
2030-07-12,40.22,40.91,39.44,40.13,8783791,17576.9
2030-07-15,40.32,40.66,38.07,38.39,18289943,16814.8
2030-07-16,38.2,38.47,35.04,35.28,24191657,15452.6
2030-07-17,35.2,37.39,34.21,36.37,17040030,15930.1
2030-07-18,36.24,36.29,35.29,35.34,14005459,15478.9
2030-07-19,35.35,36.58,34.24,35.47,11967930,15535.9
2030-07-22,35.22,35.83,35.21,35.83,14414685,15693.5
2030-07-23,36.04,37.21,35.64,36.81,15841923,16122.8
2030-07-24,36.81,37.4,34.67,35.24,17409390,15435.1
2030-07-25,35.1,37.43,34.46,36.76,19776436,16100.9
2030-07-26,36.84,37.64,33.88,34.63,19243013,15167.9
2030-07-29,34.51,35.93,33.8,35.21,10914747,15422.0
2030-07-30,35.49,35.68,32.4,32.58,22551871,14270.0
2030-07-31,32.75,33.07,32.27,32.59,8252226,14274.4
2030-08-01,32.51,32.98,30.06,30.5,26920290,13359.0
2030-08-02,30.42,30.92,29.63,30.12,13108957,13192.6
2030-08-05,30.48,30.66,30.32,30.49,12401489,13354.6
2030-08-06,30.39,33.21,29.88,32.66,20166794,14305.1
2030-08-07,33.15,33.54,32.81,33.19,12786256,14537.2
2030-08-08,33.19,33.62,29.8,30.19,28409249,13223.2
2030-08-09,30.06,30.36,27.55,27.82,24247124,12185.2
2030-08-12,27.7,28.41,27.46,28.17,10622204,12338.5
2030-08-13,28.08,28.35,26.84,27.1,18836640,11869.8
2030-08-14,27.09,27.93,26.66,27.49,11896369,12040.6
2030-08-15,27.13,27.15,26.11,26.13,17520706,11444.9
2030-08-16,26.1,26.11,25.39,25.39,15855877,11120.8
2030-08-19,25.67,26.77,25.54,26.62,18884825,11659.6
2030-08-20,26.79,27.1,24.69,24.98,18416743,10941.2
2030-08-21,24.94,25.03,22.13,22.21,29324938,9728.0
2030-08-22,22.17,22.21,21.77,21.82,12732559,9557.2
2030-08-23,21.68,22.48,21.27,22.06,11580408,9662.3
2030-08-26,22.18,22.74,21.69,22.24,12589848,9741.1
2030-08-27,22.41,23.7,22.35,23.64,18699126,10354.3
2030-08-28,23.68,24.23,21.98,22.51,19467326,9859.4
2030-08-29,22.49,22.93,22.1,22.54,12118191,9872.5
2030-08-30,22.5,24.62,22.18,24.28,22959466,10634.6
2030-09-02,24.27,24.34,23.32,23.38,18673796,10240.4
2030-09-03,23.64,24.8,23.35,24.49,19512791,10726.6
2030-09-04,24.3,24.55,22.22,22.45,25442604,9833.1
2030-09-05,22.5,22.86,21.33,21.67,19911526,9491.5
2030-09-06,21.51,23.64,21.39,23.51,23435436,10297.4
2030-09-09,23.3,23.32,22.96,22.99,12034864,10069.6
2030-09-10,22.96,23.73,22.83,23.59,14911992,10332.4
2030-09-11,23.53,23.94,21.78,22.17,20425543,9710.5
2030-09-12,22.31,22.48,21.14,21.29,17998051,9325.0
2030-09-13,21.41,22.6,20.9,22.07,24923779,9666.7
2030-09-16,22.12,22.2,20.57,20.65,28322607,9044.7
2030-09-17,20.62,20.87,19.34,19.57,18113171,8571.7
2030-09-18,19.82,20.53,19.24,19.95,14116391,8738.1
2030-09-19,19.8,19.89,19.61,19.7,13306814,8628.6
2030-09-20,19.71,19.78,18.36,18.42,20610370,8068.0
2030-09-23,18.48,18.58,18.07,18.17,12046619,7958.5
2030-09-24,18.22,18.34,17.55,17.66,16114271,7735.1
2030-09-25,17.67,18.0,17.39,17.71,9823508,7757.0
2030-09-26,17.73,17.77,16.76,16.8,21174696,7358.4
2030-09-27,16.83,17.07,15.7,15.93,24454958,6977.3
2030-09-30,15.96,16.01,15.4,15.45,15381828,6767.1
2030-10-01,15.45,15.55,14.57,14.67,19790256,6425.5
2030-10-02,14.75,14.89,14.55,14.69,12197912,6434.2
2030-10-03,14.6,15.83,14.58,15.8,27009994,6920.4
2030-10-04,15.66,16.31,15.52,16.16,14399900,7078.1
2030-10-07,16.13,16.32,15.94,16.13,9139376,7064.9
2030-10-08,16.21,16.9,16.19,16.88,19185025,7393.4
2030-10-09,17.0,17.14,16.07,16.19,16298005,7091.2
2030-10-10,16.27,16.53,15.86,16.12,9874221,7060.6
2030-10-11,16.16,16.16,15.82,15.82,14479549,6929.2
2030-10-14,15.79,17.26,15.56,17.0,22127091,7446.0
2030-10-15,17.06,17.26,16.7,16.9,10870314,7402.2
2030-10-16,16.8,16.99,16.67,16.86,8880166,7384.7
2030-10-17,16.86,17.37,16.64,17.15,12368473,7511.7
2030-10-18,17.14,17.63,16.23,16.71,12233812,7319.0
2030-10-21,16.72,17.22,16.56,17.05,12675663,7467.9
2030-10-22,17.18,17.44,16.13,16.37,27382981,7170.1
2030-10-23,16.36,17.58,16.3,17.51,25472124,7669.4
2030-10-24,17.57,17.65,17.44,17.53,10777775,7678.1
2030-10-25,17.38,17.56,16.57,16.73,17596376,7327.7
2030-10-28,16.83,17.15,16.39,16.71,14280776,7319.0
2030-10-29,16.68,16.74,16.05,16.1,14696637,7051.8
2030-10-30,16.27,16.49,15.83,16.06,13972471,7034.3
2030-10-31,15.95,16.66,15.78,16.49,14092191,7222.6
2030-11-01,16.55,18.27,16.49,18.2,25694940,7971.6
2030-11-04,18.34,18.74,18.17,18.56,11689792,8129.3
2030-11-05,18.41,18.5,17.95,18.04,19767112,7901.5
2030-11-06,18.02,18.26,17.58,17.82,13783846,7805.2
2030-11-07,17.88,18.08,17.83,18.03,12893447,7897.1
2030-11-08,17.95,18.5,17.56,18.11,15737966,7932.2
2030-11-11,18.0,18.57,17.91,18.47,11208542,8089.9
2030-11-12,18.44,19.45,18.38,19.39,18938936,8492.8
2030-11-13,19.5,19.86,19.05,19.41,8861094,8501.6
2030-11-14,19.69,20.01,19.59,19.91,14232323,8720.6
2030-11-15,19.8,19.83,19.45,19.48,14962311,8532.2
2030-11-18,19.59,19.71,18.56,18.68,14990587,8181.8
2030-11-19,18.85,20.1,18.46,19.69,18917801,8624.2
2030-11-20,19.7,20.51,19.66,20.47,17566216,8965.9
2030-11-21,20.22,22.24,20.01,22.02,20900866,9644.8
2030-11-22,22.16,22.17,20.13,20.14,24463438,8821.3
2030-11-25,20.09,20.57,19.68,20.16,14865000,8830.1
2030-11-26,20.11,20.35,20.06,20.29,10568294,8887.0
2030-11-27,20.09,20.4,19.53,19.84,13941018,8689.9
2030-11-28,19.88,20.09,19.3,19.51,10857430,8545.4
2030-11-29,19.57,19.79,18.94,19.15,13460377,8387.7
2030-12-02,19.21,19.5,18.0,18.27,16050257,8002.3
2030-12-03,18.19,18.57,18.18,18.56,10715703,8129.3
2030-12-04,18.7,18.83,18.38,18.5,11003514,8103.0
2030-12-05,18.73,19.4,18.7,19.36,15351192,8479.7
2030-12-06,19.42,20.07,18.82,19.47,14272850,8527.9
2030-12-09,19.37,20.68,19.32,20.62,20053002,9031.6
2030-12-10,20.73,21.03,20.18,20.48,21100169,8970.2
2030-12-11,20.3,21.13,20.28,21.1,12884657,9241.8
2030-12-12,20.95,21.05,20.06,20.16,18379861,8830.1
2030-12-13,19.94,20.06,19.14,19.26,18503907,8435.9
2030-12-16,19.46,20.12,19.17,19.83,13674490,8685.5
2030-12-17,19.89,20.34,19.76,20.21,15872556,8852.0
2030-12-18,20.22,20.38,19.38,19.54,19913304,8558.5
2030-12-19,19.53,19.55,19.51,19.53,8871994,8554.1
2030-12-20,19.42,19.44,19.04,19.06,16849778,8348.3
2030-12-23,18.73,18.79,18.45,18.52,14259227,8111.8
2030-12-24,18.41,20.16,18.28,20.02,21849782,8768.8
2030-12-25,20.02,20.29,19.86,20.13,11517284,8816.9
2030-12-26,20.17,20.56,20.14,20.53,11262705,8992.1
2030-12-27,20.41,20.47,19.88,19.94,12857959,8733.7
2030-12-30,20.0,20.59,19.63,20.21,11372385,8852.0
2030-12-31,20.08,20.44,19.66,20.02,12960465,8768.8
2031-01-01,19.98,20.59,19.83,20.44,19265563,8952.7
2031-01-02,20.51,20.53,19.69,19.71,15383792,8633.0
2031-01-03,19.85,20.17,19.61,19.93,17797320,8729.3
2031-01-06,19.98,22.59,19.81,22.4,29094793,9811.2
2031-01-07,22.42,22.51,21.26,21.35,17624022,9351.3
2031-01-08,21.4,21.58,20.28,20.45,15040642,8957.1
2031-01-09,20.41,20.59,20.24,20.43,13649824,8948.3
2031-01-10,20.51,20.73,19.94,20.16,10638864,8830.1
2031-01-13,20.19,20.31,19.52,19.64,22863313,8602.3
2031-01-14,19.44,19.6,19.16,19.32,13028574,8462.2
2031-01-15,19.22,19.74,19.07,19.58,16644794,8576.0
2031-01-16,19.38,21.27,19.12,20.99,19470609,9193.6
2031-01-17,20.91,21.08,19.65,19.81,21825397,8676.8
2031-01-20,19.89,20.8,19.7,20.61,15044083,9027.2
2031-01-21,20.51,20.69,20.19,20.37,10290513,8922.1
2031-01-22,20.32,20.4,18.9,18.98,23044938,8313.2
2031-01-23,18.92,18.98,18.78,18.84,10435333,8251.9
2031-01-24,18.9,19.08,18.56,18.75,8838987,8212.5
2031-01-27,18.78,19.21,18.6,19.03,12041712,8335.1
2031-01-28,19.17,19.63,19.07,19.53,12765422,8554.1
2031-01-29,19.47,19.6,18.28,18.41,17977319,8063.6
2031-01-30,18.17,20.16,18.13,20.12,23808365,8812.6
2031-01-31,20.08,20.41,19.89,20.22,9477181,8856.4
2031-02-03,20.2,20.3,18.88,18.97,18969504,8308.9
2031-02-04,18.95,20.26,18.86,20.16,22064839,8830.1
2031-02-05,20.38,20.6,20.08,20.3,10785585,8891.4
2031-02-06,20.18,21.59,20.14,21.55,17940287,9438.9
2031-02-07,21.75,23.69,21.62,23.55,22887276,10314.9
2031-02-10,23.55,23.82,22.09,22.34,24184090,9784.9
2031-02-11,22.27,22.59,22.22,22.54,19240477,9872.5
2031-02-12,22.74,22.76,22.3,22.32,10858202,9776.2
2031-02-13,22.47,22.47,21.22,21.22,17006408,9294.4
2031-02-14,21.27,21.65,20.75,21.13,11448248,9254.9
2031-02-17,20.83,21.25,20.11,20.52,15745153,8987.8
2031-02-18,20.67,20.86,20.3,20.48,12041432,8970.2
2031-02-19,20.51,21.04,20.46,20.99,14628995,9193.6
2031-02-20,21.06,22.39,20.7,22.01,16186549,9640.4
2031-02-21,21.96,22.43,21.27,21.73,10221825,9517.7
2031-02-24,21.75,23.15,21.39,22.77,16767116,9973.3
2031-02-25,23.03,23.57,22.9,23.43,13173692,10262.3
2031-02-26,23.52,23.82,23.49,23.79,12791668,10420.0
2031-02-27,23.89,24.05,23.57,23.73,10537683,10393.7
2031-02-28,23.49,24.3,23.25,24.05,13753706,10533.9
2031-03-03,24.3,24.54,22.43,22.65,20644738,9920.7
2031-03-04,22.71,22.72,22.12,22.14,16028148,9697.3
2031-03-05,22.21,22.61,21.4,21.79,17107005,9544.0
2031-03-06,21.82,23.38,21.52,23.06,17195480,10100.3
2031-03-07,22.89,23.77,22.46,23.33,19255162,10218.5
2031-03-10,23.32,23.53,22.21,22.41,20888956,9815.6
2031-03-11,22.5,22.96,22.39,22.85,11775982,10008.3
2031-03-12,22.97,23.01,22.35,22.38,18511528,9802.4
2031-03-13,22.38,22.77,22.37,22.76,11468517,9968.9
2031-03-14,22.71,23.13,21.76,22.18,21313762,9714.8
2031-03-17,22.09,22.18,19.86,19.94,27301978,8733.7
2031-03-18,20.15,20.49,20.14,20.47,14044428,8965.9
2031-03-19,20.36,20.56,19.6,19.79,15754869,8668.0
2031-03-20,19.78,20.08,18.87,19.17,15527355,8396.5
2031-03-21,19.06,19.74,18.88,19.55,15442467,8562.9
2031-03-24,19.66,20.84,19.39,20.56,18976917,9005.3
2031-03-25,20.52,20.58,19.87,19.93,16527955,8729.3
2031-03-26,19.86,19.96,18.28,18.36,27041468,8041.7
2031-03-27,18.43,18.54,18.0,18.11,10235581,7932.2
2031-03-28,18.08,18.54,16.34,16.77,20529185,7345.3
2031-03-31,16.46,16.47,16.02,16.03,20283398,7021.1
2031-04-01,15.98,17.65,15.59,17.23,20554041,7546.7
2031-04-02,17.39,17.53,16.57,16.7,13368810,7314.6
2031-04-03,16.66,17.38,16.51,17.21,16352037,7538.0
2031-04-04,17.23,18.16,17.23,18.16,19215293,7954.1
2031-04-07,18.3,19.03,17.99,18.71,13738159,8195.0
2031-04-08,18.62,18.89,17.52,17.78,25618038,7787.6
2031-04-09,17.54,17.65,17.33,17.44,13548162,7638.7
2031-04-10,17.45,17.56,17.18,17.29,12448822,7573.0
2031-04-11,17.19,17.81,16.83,17.44,11298232,7638.7
2031-04-14,17.4,17.77,16.56,16.92,17560014,7411.0
2031-04-15,16.89,17.63,16.6,17.33,17776303,7590.5
2031-04-16,17.31,17.48,16.0,16.17,24096237,7082.5
2031-04-17,16.28,17.39,16.22,17.32,19183135,7586.2
2031-04-18,17.41,17.93,17.34,17.86,20351104,7822.7
2031-04-21,17.79,17.83,17.06,17.11,16289884,7494.2
2031-04-22,17.08,18.42,16.77,18.09,17057063,7923.4
2031-04-23,17.92,18.12,17.38,17.57,14455731,7695.7
2031-04-24,17.64,17.85,16.74,16.94,14038178,7419.7
2031-04-25,16.96,17.08,15.86,15.97,21173112,6994.9
2031-04-28,16.17,16.3,15.65,15.77,10875256,6907.3
2031-04-29,15.72,16.5,15.44,16.22,13332716,7104.4
2031-04-30,16.16,16.79,16.09,16.72,14237622,7323.4
2031-05-01,16.75,16.92,16.54,16.7,17159424,7314.6
2031-05-02,16.82,17.62,16.63,17.42,15856109,7630.0
2031-05-05,17.31,17.83,17.16,17.68,12216974,7743.8
2031-05-06,17.63,17.75,17.11,17.22,16300337,7542.4
2031-05-07,17.16,18.15,17.0,17.99,17123144,7879.6
2031-05-08,18.06,18.3,17.04,17.27,18459506,7564.3
2031-05-09,17.23,17.24,16.66,16.68,17237803,7305.8
2031-05-12,16.65,16.75,16.53,16.63,10544158,7283.9
2031-05-13,16.68,16.98,15.68,15.97,16476169,6994.9
2031-05-14,15.93,15.98,15.14,15.19,16135412,6653.2
2031-05-15,15.07,15.9,15.05,15.89,19688830,6959.8
2031-05-16,15.81,16.64,15.79,16.62,17972684,7279.6
2031-05-19,16.59,16.65,16.44,16.5,9862518,7227.0
2031-05-20,16.67,16.7,16.47,16.5,8044375,7227.0
2031-05-21,16.64,16.7,16.06,16.11,14452740,7056.2
2031-05-22,15.99,16.44,15.66,16.11,8425557,7056.2
2031-05-23,16.16,17.5,15.88,17.21,23799947,7538.0
2031-05-26,17.13,17.31,16.15,16.33,16593424,7152.5
2031-05-27,16.33,16.34,15.69,15.7,19847733,6876.6
2031-05-28,15.69,15.89,14.06,14.24,24058589,6237.1
2031-05-29,14.3,14.81,14.15,14.66,13636491,6421.1
2031-05-30,14.7,14.77,13.95,14.01,24711185,6136.4
2031-06-02,14.12,14.22,13.16,13.26,20027460,5807.9
2031-06-03,13.21,13.74,13.04,13.57,13410005,5943.7
2031-06-04,13.6,14.35,13.34,14.08,21161946,6167.0
2031-06-05,13.84,15.29,13.73,15.17,22206562,6644.5
2031-06-06,15.27,15.4,14.14,14.26,18657880,6245.9
2031-06-09,14.15,14.93,14.01,14.78,17750668,6473.6
2031-06-10,14.49,16.47,14.42,16.39,25872300,7178.8
2031-06-11,16.23,16.29,15.14,15.2,20986730,6657.6
2031-06-12,15.13,15.84,14.59,15.3,11946664,6701.4
2031-06-13,15.32,15.97,14.99,15.63,13732681,6845.9
2031-06-16,15.54,15.84,15.44,15.74,10452635,6894.1
2031-06-17,15.68,16.63,15.35,16.29,14297313,7135.0
2031-06-18,16.24,16.72,16.21,16.69,15877162,7310.2
2031-06-19,16.75,17.11,16.32,16.67,8176422,7301.5
2031-06-20,16.7,16.75,16.3,16.35,14651073,7161.3
2031-06-23,16.19,17.44,16.13,17.37,18383250,7608.1
2031-06-24,17.34,18.24,17.16,18.05,16236228,7905.9
2031-06-25,17.91,19.21,17.62,18.91,15728969,8282.6
2031-06-26,18.95,19.41,18.92,19.37,13357644,8484.1
2031-06-27,19.27,21.0,19.22,20.95,24302988,9176.1
2031-06-30,20.92,21.03,20.7,20.81,12407771,9114.8
2031-07-01,20.57,20.65,19.79,19.87,25523847,8703.1
2031-07-02,19.99,21.65,19.81,21.46,24373095,9399.5
2031-07-03,21.38,22.26,21.15,22.03,16136756,9649.1
2031-07-04,21.87,22.38,21.86,22.37,16856576,9798.1
2031-07-07,22.37,23.11,22.32,23.06,15885262,10100.3
2031-07-08,23.15,23.18,21.57,21.59,21978500,9456.4
2031-07-09,21.71,23.03,21.47,22.77,18089953,9973.3
2031-07-10,22.64,23.4,22.39,23.14,11708306,10135.3
2031-07-11,23.06,23.25,22.43,22.61,16592834,9903.2
2031-07-14,22.7,22.74,22.36,22.4,20104698,9811.2
2031-07-15,22.28,24.89,22.01,24.58,24074360,10766.0
2031-07-16,24.61,26.44,24.33,26.14,19763340,11449.3
2031-07-17,26.2,27.82,26.18,27.8,18429285,12176.4
2031-07-18,27.85,28.6,27.81,28.57,12406466,12513.7
2031-07-21,28.67,29.39,28.18,28.89,10444130,12653.8
2031-07-22,28.9,29.41,28.53,29.04,15577060,12719.5
2031-07-23,29.17,32.28,28.58,31.64,29557805,13858.3
2031-07-24,31.89,32.41,29.35,29.83,21724267,13065.5
2031-07-25,29.98,30.4,28.62,29.03,15610835,12715.1
2031-07-28,28.98,31.01,28.59,30.6,18189333,13402.8
2031-07-29,30.62,31.08,28.53,28.96,18457316,12684.5
2031-07-30,28.84,30.1,28.45,29.69,14042296,13004.2
2031-07-31,29.68,31.26,29.62,31.19,20328754,13661.2
2031-08-01,31.43,31.85,28.48,28.87,25981374,12645.1
2031-08-04,28.83,30.36,28.15,29.66,13444786,12991.1
2031-08-05,29.63,30.63,29.37,30.36,16117433,13297.7
2031-08-06,30.17,32.47,29.97,32.25,17785618,14125.5
2031-08-07,32.38,33.79,32.25,33.65,15498921,14738.7
2031-08-08,33.57,36.08,32.88,35.36,20863108,15487.7
2031-08-11,35.14,36.37,33.48,34.7,13496319,15198.6
2031-08-12,34.66,36.29,34.22,35.83,14936716,15693.5
2031-08-13,36.05,38.79,35.43,38.13,18131509,16700.9
2031-08-14,38.4,38.77,36.92,37.29,11603326,16333.0
2031-08-15,37.04,39.18,37.0,39.13,19755070,17138.9
2031-08-18,39.17,42.04,38.46,41.3,21504839,18089.4
2031-08-19,41.24,41.73,41.2,41.7,10438547,18264.6
2031-08-20,41.72,42.78,41.32,42.37,14374928,18558.1
2031-08-21,41.79,42.83,41.76,42.8,11493312,18746.4
2031-08-22,42.88,43.08,42.82,43.02,9980109,18842.8
2031-08-25,42.94,44.24,41.37,42.67,10094535,18689.5
2031-08-26,42.06,42.81,41.01,41.75,12181568,18286.5
2031-08-27,41.87,42.76,41.24,42.13,9968611,18452.9
2031-08-28,42.27,44.02,41.76,43.49,18924193,19048.6
2031-08-29,43.38,43.62,41.11,41.34,18248146,18106.9
2031-09-01,41.22,41.49,40.27,40.53,11206312,17752.1
2031-09-02,40.57,40.93,39.53,39.88,10886613,17467.4
2031-09-03,39.68,43.44,39.34,43.07,27650707,18864.7
2031-09-04,42.58,45.11,42.5,45.03,16884992,19723.1
2031-09-05,44.9,48.31,44.87,48.28,26255487,21146.6
2031-09-08,47.69,47.95,46.75,47.0,18276773,20586.0
2031-09-09,47.45,48.61,46.67,47.82,15311544,20945.2
2031-09-10,47.86,48.03,46.87,47.03,12617000,20599.1
2031-09-11,46.96,47.6,44.35,44.95,17120912,19688.1
2031-09-12,45.28,48.57,44.89,48.16,20051245,21094.1
2031-09-15,47.99,48.33,47.42,47.75,15663791,20914.5
2031-09-16,47.3,47.81,47.02,47.53,12476161,20818.1
2031-09-17,47.33,47.95,46.57,47.2,10578613,20673.6
2031-09-18,47.13,47.32,45.82,46.01,13903499,20152.4
2031-09-19,45.84,47.15,43.27,44.55,13510801,19512.9
2031-09-22,44.32,46.45,44.04,46.16,18428931,20218.1
2031-09-23,46.03,46.35,46.0,46.31,8765438,20283.8
2031-09-24,46.08,50.25,45.87,50.03,23553532,21913.1
2031-09-25,49.94,52.09,49.68,51.82,13895648,22697.2
2031-09-26,51.77,52.35,47.58,48.12,22999757,21076.6
2031-09-29,48.16,48.66,44.89,45.36,20758764,19867.7
2031-09-30,45.33,45.9,44.22,44.78,12612345,19613.6
2031-10-01,44.64,45.29,40.07,40.66,24391307,17809.1
2031-10-02,40.99,41.56,36.49,37.0,25529335,16206.0
2031-10-03,36.72,36.73,35.23,35.24,17231930,15435.1
2031-10-06,35.13,35.91,34.69,35.47,12319757,15535.9
2031-10-07,35.53,36.14,33.99,34.58,12783513,15146.0
2031-10-08,34.5,36.06,34.4,35.96,14789842,15750.5
2031-10-09,36.05,36.19,35.97,36.12,20043791,15820.6
2031-10-10,36.03,37.17,35.61,36.74,11270682,16092.1
2031-10-13,36.48,39.75,36.15,39.38,19185832,17248.4
2031-10-14,39.52,39.87,36.44,36.76,26723127,16100.9
2031-10-15,37.1,37.48,33.95,34.3,23675013,15023.4
2031-10-16,34.12,35.98,33.95,35.8,20355082,15680.4
2031-10-17,35.81,36.02,34.13,34.33,21320637,15036.5
2031-10-20,34.37,34.7,33.65,33.97,12174979,14878.9
2031-10-21,33.69,35.85,32.56,34.69,15515649,15194.2
2031-10-22,34.7,37.22,33.56,36.04,17159783,15785.5
2031-10-23,36.48,36.81,36.25,36.58,16178720,16022.0
2031-10-24,36.68,38.2,36.55,38.06,18327513,16670.3
2031-10-27,37.9,38.06,35.72,35.88,17516177,15715.4
2031-10-28,35.87,37.81,35.34,37.26,16307153,16319.9
2031-10-29,37.38,39.57,37.22,39.4,17140650,17257.2
2031-10-30,39.51,39.76,36.7,36.94,21748478,16179.7
2031-10-31,36.62,37.59,36.37,37.33,10241202,16350.5
2031-11-03,37.25,38.02,36.16,36.91,10984865,16166.6
2031-11-04,37.04,37.61,35.16,35.71,14346716,15641.0
2031-11-05,35.82,38.31,35.53,38.01,22922706,16648.4
2031-11-06,38.1,39.4,34.98,36.22,18760614,15864.4
2031-11-07,36.66,39.11,35.83,38.24,22461003,16749.1
2031-11-10,38.51,40.13,38.24,39.84,18631599,17449.9
2031-11-11,39.74,40.29,38.73,39.28,14106312,17204.6
2031-11-12,39.34,39.62,39.17,39.45,9055577,17279.1
2031-11-13,40.04,40.32,39.7,39.98,10337135,17511.2
2031-11-14,39.97,41.87,39.61,41.5,14951603,18177.0
2031-11-17,41.18,43.67,40.84,43.31,20117284,18969.8
2031-11-18,43.42,46.68,42.21,45.41,17434275,19889.6
2031-11-19,45.86,45.94,44.04,44.12,21780328,19324.6
2031-11-20,44.36,44.94,43.51,44.08,9064534,19307.0
2031-11-21,44.0,45.03,43.67,44.69,11844304,19574.2
2031-11-24,44.37,45.16,40.91,41.66,20825105,18247.1
2031-11-25,41.5,43.05,41.17,42.71,16803855,18707.0
2031-11-26,43.08,44.96,42.68,44.55,15283988,19512.9
2031-11-27,44.68,45.48,44.51,45.31,10821088,19845.8
2031-11-28,44.95,47.6,44.08,46.7,13485504,20454.6
2031-12-01,47.02,47.85,46.37,47.19,17030070,20669.2
2031-12-02,47.09,47.67,45.75,46.32,14321112,20288.2
2031-12-03,46.74,47.42,44.66,45.32,11495704,19850.2
2031-12-04,45.51,45.83,43.39,43.69,18842338,19136.2
2031-12-05,43.31,45.08,43.12,44.89,14679896,19661.8
2031-12-08,45.21,48.87,44.1,47.71,19866363,20897.0
2031-12-09,47.79,48.1,47.22,47.53,8606912,20818.1
2031-12-10,48.06,48.88,47.97,48.78,13534044,21365.6
2031-12-11,48.35,48.55,44.45,44.64,23998205,19552.3
2031-12-12,44.43,45.0,39.98,40.5,25063176,17739.0
2031-12-15,40.53,40.79,39.97,40.22,9108108,17616.4
2031-12-16,40.25,43.42,40.15,43.31,27318308,18969.8
2031-12-17,43.39,43.77,41.39,41.76,19600678,18290.9
2031-12-18,41.84,42.19,41.05,41.4,9455191,18133.2
2031-12-19,40.91,41.63,40.29,41.0,15884078,17958.0
2031-12-22,40.87,41.68,40.05,40.87,14374841,17901.1
2031-12-23,41.11,43.21,40.2,42.27,14565874,18514.3
2031-12-24,42.16,42.32,41.34,41.5,13054349,18177.0
2031-12-25,41.24,41.35,40.8,40.91,12294079,17918.6
2031-12-26,40.92,41.21,40.35,40.64,15756643,17800.3
2031-12-29,40.47,42.72,39.77,42.0,14545630,18396.0
2031-12-30,42.41,42.74,40.55,40.87,12850695,17901.1
2031-12-31,40.99,41.59,40.71,41.31,14308163,18093.8
2032-01-01,41.29,42.12,38.77,39.55,17918417,17322.9
2032-01-02,39.82,41.61,39.77,41.56,17841274,18203.3
2032-01-05,41.23,41.85,40.18,40.79,13836182,17866.0
2032-01-06,40.63,41.04,38.89,39.28,17715200,17204.6
2032-01-07,39.22,39.89,38.2,38.86,11236955,17020.7
2032-01-08,38.99,41.39,38.96,41.36,22830790,18115.7
2032-01-09,41.59,42.22,41.25,41.89,11027647,18347.8
2032-01-12,42.17,43.09,38.63,39.49,19733050,17296.6
2032-01-13,39.14,39.94,38.26,39.06,10203647,17108.3
2032-01-14,39.47,41.21,39.4,41.14,19296017,18019.3
2032-01-15,41.47,41.8,38.08,38.39,23103124,16814.8
2032-01-16,38.7,38.98,37.91,38.18,9613775,16722.8
2032-01-19,38.16,38.74,36.69,37.25,13956064,16315.5
2032-01-20,37.2,37.27,37.0,37.06,10002210,16232.3
2032-01-21,37.3,37.4,36.83,36.93,9922778,16175.3
2032-01-22,37.12,38.31,37.02,38.22,15327307,16740.4
2032-01-23,38.75,38.93,38.35,38.53,9737181,16876.1
2032-01-26,38.43,38.95,38.19,38.72,9480834,16959.4
2032-01-27,38.67,41.7,38.26,41.26,23296442,18071.9
2032-01-28,41.65,41.78,40.08,40.2,18536114,17607.6
2032-01-29,40.17,44.08,40.1,44.0,24319118,19272.0
2032-01-30,43.88,44.4,38.34,38.8,34421224,16994.4
2032-02-02,38.68,38.94,36.9,37.15,15598974,16271.7
2032-02-03,37.22,37.62,35.13,35.51,17708709,15553.4
2032-02-04,35.36,36.46,35.3,36.39,18233131,15938.8
2032-02-05,36.17,39.0,36.0,38.81,23663700,16998.8
2032-02-06,38.81,38.83,36.78,36.79,21331049,16114.0
2032-02-09,36.62,37.01,34.38,34.76,22142339,15224.9
2032-02-10,34.86,35.43,33.62,34.17,12438947,14966.5
2032-02-11,34.1,34.63,33.39,33.91,9473563,14852.6
2032-02-12,34.06,34.52,34.05,34.5,14633984,15111.0
2032-02-13,34.7,34.78,34.18,34.25,12617642,15001.5
2032-02-16,33.91,35.67,33.46,35.2,12868725,15417.6
2032-02-17,35.18,35.34,33.96,34.12,15242031,14944.6
2032-02-18,34.2,36.43,34.11,36.34,20306784,15916.9
2032-02-19,35.94,36.18,33.09,33.31,22770593,14589.8
2032-02-20,33.23,33.34,30.8,30.91,21515189,13538.6
2032-02-23,30.72,34.06,30.43,33.74,23071301,14778.1
2032-02-24,33.9,34.6,33.83,34.53,12273565,15124.1
2032-02-25,34.35,35.59,34.22,35.45,14689091,15527.1
2032-02-26,35.39,35.61,34.23,34.44,17926257,15084.7
2032-02-27,34.67,34.84,34.44,34.62,18693482,15163.6
2032-03-01,34.1,36.21,33.94,36.04,18161566,15785.5
2032-03-02,36.12,36.84,34.59,35.28,13092202,15452.6
2032-03-03,35.2,36.4,35.14,36.33,14292300,15912.5
2032-03-04,36.22,36.56,34.66,34.99,18261814,15325.6
2032-03-05,35.14,35.14,35.02,35.02,11436944,15338.8
2032-03-08,34.99,35.06,34.05,34.12,18843764,14944.6
2032-03-09,34.15,34.96,32.49,33.28,13523141,14576.6
2032-03-10,33.39,35.18,33.13,34.91,17270875,15290.6
2032-03-11,35.0,35.14,34.74,34.88,10388954,15277.4
2032-03-12,34.63,36.86,34.41,36.63,17850774,16043.9
2032-03-15,36.95,37.83,35.15,36.01,17154768,15772.4
2032-03-16,35.84,36.48,35.25,35.88,8904783,15715.4
2032-03-17,35.92,36.16,33.7,33.92,21025911,14857.0
2032-03-18,33.76,35.13,33.53,34.9,12932690,15286.2
2032-03-19,35.31,35.71,35.29,35.68,12296653,15627.8
2032-03-22,35.58,35.62,35.43,35.48,13111245,15540.2
2032-03-23,35.74,37.4,35.35,37.0,18411067,16206.0
2032-03-24,37.14,39.66,37.04,39.56,22747017,17327.3
2032-03-25,39.76,39.95,38.88,39.06,18542554,17108.3
2032-03-26,39.59,39.74,39.39,39.53,11082776,17314.1
2032-03-29,39.07,41.64,38.96,41.52,24473027,18185.8
2032-03-30,41.3,41.34,38.53,38.56,28711689,16889.3
2032-03-31,38.65,42.56,38.14,42.01,24109583,18400.4
2032-04-01,41.93,42.15,41.83,42.05,12217810,18417.9
2032-04-02,42.06,42.81,42.01,42.77,11200731,18733.3
2032-04-05,42.8,43.57,42.74,43.51,11349027,19057.4
2032-04-06,43.53,44.0,40.1,40.54,20139378,17756.5
2032-04-07,40.66,42.26,40.14,41.72,18553087,18273.4
2032-04-08,41.75,48.26,41.5,47.97,35821342,21010.9
2032-04-09,47.74,48.35,47.71,48.33,10073734,21168.5
2032-04-12,48.61,49.85,48.4,49.64,12330922,21742.3
2032-04-13,49.77,53.38,49.45,53.04,18977240,23231.5
2032-04-14,52.97,54.43,50.13,51.56,12580791,22583.3
2032-04-15,51.33,52.31,45.88,46.79,25991083,20494.0
2032-04-16,46.96,50.8,46.2,49.99,23116673,21895.6
2032-04-19,50.33,50.44,49.8,49.92,12361485,21865.0
2032-04-20,49.93,54.17,49.32,53.51,21100307,23437.4
2032-04-21,54.0,59.02,53.77,58.78,26100301,25745.6
2032-04-22,58.22,58.95,58.15,58.88,10112948,25789.4
2032-04-23,58.8,59.41,58.23,58.85,10054584,25776.3
2032-04-26,59.14,59.84,57.81,58.5,9443242,25623.0
2032-04-27,58.0,63.13,57.44,62.53,18830058,27388.1
2032-04-28,62.7,62.83,61.24,61.36,16639897,26875.7
2032-04-29,61.73,62.69,60.3,61.25,8330203,26827.5
2032-04-30,60.84,64.24,60.25,63.63,22941022,27869.9
2032-05-03,63.72,64.16,62.88,63.31,13594190,27729.8
2032-05-04,62.41,65.84,62.09,65.51,20575425,28693.4
2032-05-05,65.73,67.28,58.83,60.25,24941214,26389.5
2032-05-06,60.67,66.5,60.5,66.31,28121210,29043.8
2032-05-07,66.04,67.93,65.85,67.73,11834271,29665.7
2032-05-10,67.38,68.25,63.92,64.75,17255292,28360.5
2032-05-11,65.39,66.33,65.15,66.09,14038475,28947.4
2032-05-12,65.45,68.92,64.19,67.61,13977070,29613.2
2032-05-13,67.72,72.32,66.79,71.34,17066906,31246.9
2032-05-14,71.27,71.57,69.65,69.95,19314203,30638.1
2032-05-17,70.25,73.4,70.19,73.34,18774142,32122.9
2032-05-18,72.9,74.08,72.67,73.86,9832226,32350.7
2032-05-19,72.99,76.6,72.38,75.96,18229612,33270.5
2032-05-20,75.83,77.07,75.43,76.66,14803636,33577.1
2032-05-21,76.24,77.17,74.64,75.56,15944805,33095.3
2032-05-24,75.7,78.91,75.56,78.76,18348654,34496.9
2032-05-25,78.51,81.39,78.11,80.97,12970321,35464.9
2032-05-26,81.45,83.29,76.3,78.06,16509160,34190.3
2032-05-27,78.4,78.7,76.46,76.75,20581763,33616.5
2032-05-28,76.93,79.75,76.24,79.04,17397538,34619.5
2032-05-31,79.11,79.44,74.53,74.85,20163230,32784.3
2032-06-01,73.92,77.3,72.12,75.46,9912229,33051.5
2032-06-02,75.16,76.56,73.52,74.91,11002777,32810.6
2032-06-03,75.45,76.06,71.78,72.37,13904395,31698.1
2032-06-04,71.94,72.82,69.66,70.52,18012670,30887.8
2032-06-07,70.41,71.66,65.84,67.03,16902256,29359.1
2032-06-08,66.79,72.25,66.46,71.9,25455995,31492.2
2032-06-09,72.45,73.59,68.44,69.53,17403929,30454.1
2032-06-10,69.84,69.93,67.02,67.1,21547162,29389.8
2032-06-11,67.1,73.48,66.13,72.43,29547459,31724.3
2032-06-14,71.94,74.79,70.91,73.73,12379352,32293.7
2032-06-15,73.34,76.02,71.63,74.28,9547531,32534.6
2032-06-16,74.83,78.13,74.12,77.4,14614089,33901.2
2032-06-17,76.81,76.95,72.4,72.53,19847048,31768.1
2032-06-18,72.82,73.95,71.44,72.56,15597855,31781.3
2032-06-21,72.5,73.0,69.98,70.47,14114219,30865.9
2032-06-22,70.51,71.78,68.58,69.84,12477932,30589.9
2032-06-23,69.37,70.06,66.95,67.62,17165099,29617.6
2032-06-24,68.02,69.34,65.38,66.67,17904204,29201.5
2032-06-25,67.05,72.64,66.81,72.38,23523613,31702.4
2032-06-28,72.04,72.17,71.5,71.63,11816188,31373.9
2032-06-29,71.52,74.35,71.01,73.82,15602645,32333.2
2032-06-30,73.61,75.35,67.44,69.07,22784636,30252.7
2032-07-01,69.11,69.33,68.47,68.69,9787151,30086.2
2032-07-02,69.15,70.8,68.1,69.74,15678815,30546.1
2032-07-05,69.89,70.13,69.57,69.81,14557080,30576.8
2032-07-06,69.44,74.49,68.07,73.06,15689689,32000.3
2032-07-07,72.54,72.98,69.94,70.36,20974381,30817.7
2032-07-08,69.91,70.54,66.88,67.48,16324293,29556.2
2032-07-09,67.43,68.46,66.85,67.87,12010384,29727.1
2032-07-12,67.96,70.4,67.93,70.37,18620892,30822.1
2032-07-13,70.42,73.71,69.63,72.89,20245508,31925.8
2032-07-14,73.51,75.48,72.6,74.56,11965508,32657.3
2032-07-15,74.25,76.16,72.78,74.69,9252560,32714.2
2032-07-16,74.82,75.95,74.18,75.31,13587739,32985.8
2032-07-19,74.92,75.82,72.31,73.19,18905910,32057.2
2032-07-20,72.71,73.31,71.27,71.86,17053359,31474.7
2032-07-21,71.42,77.93,71.1,77.58,22908134,33980.0
2032-07-22,76.94,81.96,76.37,81.35,21955398,35631.3
2032-07-23,82.12,82.9,81.59,82.37,12503084,36078.1
2032-07-26,81.99,85.6,80.64,84.21,17094005,36884.0
2032-07-27,84.13,89.35,82.76,87.91,16035995,38504.6
2032-07-28,88.28,89.88,87.76,89.36,15191682,39139.7
2032-07-29,89.39,89.79,87.55,87.94,11420575,38517.7
2032-07-30,87.14,89.17,86.29,88.31,11077173,38679.8
2032-08-02,88.44,89.35,84.33,85.2,16196902,37317.6
2032-08-03,85.52,86.71,81.55,82.69,24107204,36218.2
2032-08-04,83.03,87.06,81.04,85.02,13270346,37238.8
2032-08-05,85.44,86.58,85.23,86.36,11194956,37825.7
2032-08-06,85.66,88.16,85.14,87.63,19999284,38381.9
2032-08-09,88.64,89.15,86.73,87.22,12184479,38202.4
2032-08-10,86.58,89.18,86.33,88.93,19056177,38951.3
2032-08-11,88.79,89.94,82.51,83.59,23486440,36612.4
2032-08-12,82.82,84.63,81.57,83.37,9038149,36516.1
2032-08-13,83.81,84.45,80.68,81.3,16280102,35609.4
2032-08-16,81.28,81.29,75.18,75.19,30980844,32933.2
2032-08-17,75.01,76.08,73.7,74.76,9942687,32744.9
2032-08-18,74.87,75.73,73.14,74.0,15121523,32412.0
2032-08-19,73.96,74.4,72.64,73.08,10164216,32009.0
2032-08-20,73.84,74.22,68.91,69.27,20582919,30340.3
2032-08-23,69.94,72.76,69.63,72.43,15241770,31724.3
2032-08-24,73.48,73.49,71.4,71.41,13857235,31277.6
2032-08-25,71.74,73.17,70.06,71.48,9574240,31308.2
2032-08-26,71.52,71.7,69.33,69.51,14679667,30445.4
2032-08-27,69.05,70.8,68.39,70.13,14044814,30716.9
2032-08-30,70.03,71.77,69.62,71.35,12902399,31251.3
2032-08-31,71.33,73.63,70.42,72.71,14044919,31847.0
2032-09-01,72.63,74.27,71.89,73.53,11050529,32206.1
2032-09-02,73.22,77.83,73.03,77.63,17636431,34001.9
2032-09-03,76.78,77.61,74.75,75.57,15361437,33099.7
2032-09-06,75.87,75.92,75.42,75.47,16850341,33055.9
2032-09-07,75.65,78.48,74.28,77.08,23718630,33761.0
2032-09-08,76.86,80.43,75.23,78.76,15866446,34496.9
2032-09-09,79.76,83.28,78.79,82.27,16154395,36034.3
2032-09-10,81.76,92.16,81.4,91.75,28143196,40186.5
2032-09-13,91.02,92.47,86.79,88.2,19399679,38631.6
2032-09-14,88.63,89.02,85.08,85.46,14509716,37431.5
2032-09-15,85.39,85.94,82.39,82.92,21010062,36319.0
2032-09-16,82.38,82.67,79.22,79.5,15026440,34821.0
2032-09-17,80.22,82.94,80.08,82.8,15080536,36266.4
2032-09-20,83.48,92.5,81.91,90.79,23308343,39766.0
2032-09-21,91.59,92.03,88.87,89.3,16223359,39113.4
2032-09-22,89.02,89.31,87.95,88.24,11916367,38649.1
2032-09-23,89.0,90.13,87.26,88.38,10968335,38710.4
2032-09-24,88.19,90.99,88.03,90.82,21984640,39779.2
2032-09-27,90.74,93.42,90.58,93.25,14175557,40843.5
2032-09-28,93.27,94.44,93.26,94.43,13387446,41360.3
2032-09-29,94.81,95.74,94.68,95.61,16177576,41877.2
2032-09-30,95.24,98.5,94.2,97.44,13934564,42678.7
2032-10-01,98.67,99.16,94.49,94.95,14598380,41588.1
2032-10-04,96.33,97.76,90.77,92.14,12913706,40357.3
2032-10-05,92.69,94.38,85.37,86.96,22079894,38088.5
2032-10-06,86.96,88.14,79.83,80.92,21843481,35443.0
2032-10-07,81.43,82.05,79.01,79.62,14576481,34873.6
2032-10-08,78.64,84.42,77.74,83.47,22324245,36559.9
2032-10-11,82.68,85.44,76.89,79.55,25170176,34842.9
2032-10-12,79.62,79.7,75.21,75.29,21813706,32977.0
2032-10-13,74.73,75.93,74.73,75.93,13775601,33257.3
2032-10-14,76.33,80.79,75.74,80.16,20046907,35110.1
2032-10-15,79.72,82.78,78.92,81.96,14942807,35898.5
2032-10-18,82.46,83.65,82.43,83.63,13365711,36629.9
2032-10-19,83.01,84.03,78.43,79.4,19022052,34777.2
2032-10-20,80.11,85.62,78.95,84.4,19574400,36967.2
2032-10-21,84.92,90.84,84.37,90.26,29675490,39533.9
2032-10-22,90.26,94.9,89.81,94.43,22030619,41360.3
2032-10-25,94.01,100.56,93.38,99.89,18237652,43751.8
2032-10-26,100.24,109.45,99.27,108.4,25503327,47479.2
2032-10-27,108.6,115.39,108.34,115.1,17868069,50413.8
2032-10-28,115.09,116.76,113.36,115.04,9902090,50387.5
2032-10-29,114.15,115.35,112.21,113.39,15065998,49664.8
2032-11-01,113.48,120.47,109.96,116.84,16957211,51175.9
2032-11-02,117.35,131.26,116.19,129.98,25239580,56931.2
2032-11-03,130.7,132.96,130.14,132.39,15383579,57986.8
2032-11-04,131.97,132.31,125.28,125.61,17307892,55017.2
2032-11-05,126.64,126.91,120.79,121.05,14034463,53019.9
2032-11-08,121.63,125.94,121.29,125.59,14368019,55008.4
2032-11-09,125.36,125.39,119.93,119.96,18570251,52542.5
2032-11-10,120.12,127.64,119.61,127.11,18610831,55674.2
2032-11-11,127.83,129.93,125.8,127.9,13159156,56020.2
2032-11-12,128.46,129.02,119.81,120.34,17859419,52708.9
2032-11-15,121.26,124.9,118.89,122.5,18632053,53655.0
2032-11-16,123.83,124.41,119.61,120.18,17966209,52638.8
2032-11-17,119.68,123.12,118.96,122.37,16295149,53598.1
2032-11-18,122.85,123.05,122.24,122.44,8131677,53628.7
2032-11-19,121.83,123.1,120.77,122.04,12356558,53453.5
2032-11-22,121.86,123.0,116.88,117.98,14997837,51675.2
2032-11-23,118.08,118.24,115.44,115.59,16224843,50628.4
2032-11-24,115.09,117.35,112.57,114.82,10087854,50291.2
2032-11-25,115.4,115.57,111.07,111.24,15067358,48723.1
2032-11-26,112.14,113.83,105.68,107.3,25472782,46997.4
2032-11-29,106.58,108.87,106.17,108.45,10733973,47501.1
2032-11-30,107.88,112.95,106.36,111.38,12645165,48784.4
2032-12-01,112.61,117.32,112.43,117.14,16482788,51307.3
2032-12-02,118.24,122.66,105.35,109.45,20945293,47939.1
2032-12-03,109.69,111.42,105.99,107.69,16629690,47168.2
2032-12-06,107.26,109.06,106.28,108.07,9211004,47334.7
2032-12-07,108.13,113.81,106.69,112.31,14657402,49191.8
2032-12-08,112.23,124.65,110.03,122.24,24155550,53541.1
2032-12-09,121.72,130.01,119.99,128.19,24010010,56147.2
2032-12-10,127.96,128.52,124.84,125.38,13768002,54916.4
2032-12-13,126.23,132.8,125.06,131.58,16636146,57632.0
2032-12-14,130.44,131.1,126.28,126.93,22760477,55595.3
2032-12-15,126.7,127.03,126.02,126.35,11790664,55341.3
2032-12-16,126.19,126.51,118.19,118.49,23621103,51898.6
2032-12-17,117.38,121.57,116.75,120.93,11552023,52967.3
2032-12-20,122.06,123.57,113.82,115.24,18384735,50475.1
2032-12-21,115.25,117.06,104.71,106.38,22211066,46594.4
2032-12-22,105.83,106.99,99.85,100.95,21526962,44216.1
2032-12-23,101.31,104.21,100.3,103.19,22467870,45197.2
2032-12-24,103.09,103.19,99.37,99.47,20133486,43567.9
2032-12-27,99.23,100.16,96.39,97.3,11610481,42617.4
2032-12-28,97.86,103.01,96.87,101.98,18678169,44667.2
2032-12-29,101.27,103.08,100.58,102.39,9909784,44846.8
2032-12-30,102.76,103.54,95.79,96.52,23155490,42275.8
2032-12-31,96.48,99.38,93.89,96.79,10728569,42394.0
2033-01-03,97.4,100.28,96.41,99.27,15031808,43480.3
2033-01-04,99.9,100.16,94.33,94.58,16812307,41426.0
2033-01-05,94.7,97.54,94.66,97.51,14266837,42709.4
2033-01-06,97.76,99.64,96.87,98.74,10997393,43248.1
2033-01-07,98.49,98.81,95.35,95.66,15769161,41899.1
2033-01-10,95.27,98.51,92.39,95.62,11272477,41881.6
2033-01-11,95.82,100.6,93.04,97.77,17043537,42823.3
2033-01-12,97.54,100.46,95.64,98.54,10951878,43160.5
2033-01-13,97.89,97.99,97.55,97.65,10489876,42770.7
2033-01-14,97.37,98.04,95.64,96.3,13015667,42179.4
2033-01-17,97.7,99.6,95.57,97.46,16332514,42687.5
2033-01-18,97.2,111.14,97.03,110.96,33518405,48600.5
2033-01-19,111.36,113.0,109.54,111.17,10873105,48692.5
2033-01-20,109.57,117.11,109.13,116.65,20279591,51092.7
2033-01-21,116.85,118.95,105.83,107.76,21564116,47198.9
2033-01-24,108.57,109.15,106.47,107.04,11508212,46883.5
2033-01-25,107.48,110.4,106.93,109.83,15798227,48105.5
2033-01-26,109.41,128.62,107.69,126.63,36030943,55463.9
2033-01-27,127.29,133.41,126.51,132.59,23979698,58074.4
2033-01-28,132.11,132.22,131.71,131.82,10217451,57737.2
2033-01-31,130.71,139.1,129.18,137.49,14842111,60220.6
2033-02-01,138.77,143.77,136.18,141.13,13090026,61814.9
2033-02-02,140.1,143.35,138.68,141.91,13766553,62156.6
2033-02-03,140.72,147.33,140.05,146.63,13936751,64223.9
2033-02-04,144.86,149.23,143.56,147.9,13517049,64780.2
2033-02-07,147.18,151.3,146.94,151.05,14274649,66159.9
2033-02-08,151.96,152.44,147.08,147.55,17742029,64626.9
2033-02-09,147.13,152.91,146.86,152.63,16160972,66851.9
2033-02-10,152.23,153.46,148.84,150.06,12527218,65726.3
2033-02-11,148.64,153.75,146.99,152.06,13143261,66602.3
2033-02-14,151.14,151.5,151.1,151.45,17937218,66335.1
2033-02-15,150.22,152.43,149.43,151.64,14523178,66418.3
2033-02-16,152.06,152.33,148.33,148.59,25060953,65082.4
2033-02-17,150.25,155.35,149.38,154.46,19463990,67653.5
2033-02-18,154.27,161.15,153.3,160.15,15018994,70145.7
2033-02-21,159.19,160.25,152.23,153.24,19129893,67119.1
2033-02-22,151.45,151.85,145.45,145.83,23103922,63873.5
2033-02-23,146.17,153.19,143.72,150.67,16252866,65993.5
2033-02-24,151.26,158.33,148.05,155.05,18843990,67911.9
2033-02-25,157.44,166.83,143.97,153.11,13203452,67062.2
2033-02-28,152.83,158.96,149.26,155.34,17622058,68038.9
2033-03-01,156.01,160.86,155.16,159.99,14337977,70075.6
2033-03-02,159.41,159.67,147.67,147.91,22517509,64784.6
2033-03-03,149.04,150.53,145.32,146.79,12245338,64294.0
2033-03-04,146.09,148.56,145.52,147.98,9783581,64815.2
2033-03-07,146.82,164.97,146.57,164.68,25369501,72129.8
2033-03-08,163.85,175.83,161.99,173.86,18259798,76150.7
2033-03-09,172.02,172.38,170.24,170.59,11715944,74718.4
2033-03-10,170.54,173.81,169.86,173.13,11871989,75830.9
2033-03-11,172.28,172.4,162.48,162.6,21349715,71218.8
2033-03-14,162.39,163.28,161.76,162.65,13344287,71240.7
2033-03-15,161.53,164.77,159.92,163.14,11789198,71455.3
2033-03-16,163.91,164.1,160.61,160.8,10777583,70430.4
2033-03-17,160.77,160.92,160.66,160.81,11513865,70434.8
2033-03-18,161.2,173.98,156.64,169.19,18754385,74105.2
2033-03-21,169.22,172.92,167.26,170.95,14995342,74876.1
2033-03-22,173.43,176.12,157.7,160.17,20661887,70154.5
2033-03-23,160.71,160.73,156.5,156.53,14025271,68560.1
2033-03-24,157.64,158.82,148.85,149.98,17202797,65691.2
2033-03-25,150.45,153.69,142.22,145.35,13880447,63663.3
2033-03-28,146.39,149.37,145.84,148.81,15050748,65178.8
2033-03-29,148.02,148.34,147.13,147.45,13180493,64583.1
2033-03-30,146.42,147.08,145.8,146.46,15360598,64149.5
2033-03-31,147.64,155.81,147.11,155.24,19214152,67995.1
2033-04-01,153.95,155.78,152.22,154.05,16206948,67473.9
2033-04-04,154.33,154.33,148.46,148.46,14416807,65025.5
2033-04-05,147.75,156.59,146.11,154.87,19528567,67833.1
2033-04-06,154.02,154.21,152.38,152.57,15158253,66825.7
2033-04-07,153.35,156.48,151.79,154.9,12372304,67846.2
2033-04-08,155.36,158.85,154.86,158.35,13372812,69357.3
2033-04-11,158.34,160.12,153.87,155.62,13201974,68161.6
2033-04-12,158.35,162.82,158.09,162.55,15391785,71196.9
2033-04-13,163.02,169.91,162.33,169.2,14563571,74109.6
2033-04-14,169.56,180.17,168.74,179.3,17684963,78533.4
2033-04-15,178.25,186.98,175.56,184.2,13979393,80679.6
2033-04-18,184.48,190.69,183.15,189.33,17296813,82926.5
2033-04-19,190.15,199.46,188.99,198.25,22193167,86833.5
2033-04-20,199.61,211.82,194.49,206.52,14698959,90455.8
2033-04-21,206.68,207.42,198.88,199.6,16374326,87424.8
2033-04-22,199.44,201.59,198.7,200.86,12539975,87976.7
2033-04-25,201.61,203.5,187.91,189.69,22164075,83084.2
2033-04-26,188.93,190.95,173.06,174.94,22823945,76623.7
2033-04-27,174.8,177.86,159.83,162.68,23731142,71253.8
2033-04-28,161.88,164.58,155.2,157.84,14740327,69133.9
2033-04-29,157.84,158.35,148.77,149.26,22582022,65375.9
2033-05-02,148.46,160.3,146.36,158.05,24699600,69225.9
2033-05-03,158.03,167.45,154.77,164.07,16286535,71862.7
2033-05-04,162.47,177.93,161.29,176.65,20370010,77372.7
2033-05-05,175.5,177.18,169.03,170.66,20261710,74749.1
2033-05-06,169.96,170.06,159.39,159.49,22535266,69856.6
2033-05-09,159.23,162.54,154.08,157.35,12136422,68919.3
2033-05-10,157.02,158.83,148.16,149.89,24238237,65651.8
2033-05-11,150.46,151.1,144.2,144.81,15120538,63426.8
2033-05-12,143.26,146.17,142.82,145.72,10663973,63825.4
2033-05-13,145.03,147.16,131.55,133.52,26089999,58481.8
2033-05-16,134.11,138.67,133.91,138.47,15489163,60649.9
2033-05-17,138.25,138.97,130.26,130.95,24640702,57356.1
2033-05-18,131.77,133.73,129.09,131.04,13235364,57395.5
2033-05-19,130.32,133.76,117.76,120.95,22071077,52976.1
2033-05-20,121.09,121.96,116.2,117.04,16205984,51263.5
2033-05-23,117.11,117.53,115.91,116.32,10239978,50948.2
2033-05-24,116.81,117.61,116.05,116.85,12465141,51180.3
2033-05-25,117.52,123.04,115.71,121.17,15985983,53072.5
2033-05-26,121.05,123.54,119.82,122.3,10149375,53567.4
2033-05-27,122.29,125.19,118.26,121.13,10125820,53054.9
2033-05-30,122.07,123.17,116.65,117.7,16321162,51552.6
2033-05-31,118.41,137.39,118.27,137.22,34470860,60102.4
2033-06-01,136.56,136.97,130.76,131.15,15947614,57443.7
2033-06-02,131.11,133.67,131.03,133.59,11099760,58512.4
2033-06-03,133.51,134.63,131.44,132.55,10912789,58056.9
2033-06-06,131.65,141.79,131.22,141.33,24898913,61902.5
2033-06-07,140.42,140.58,136.58,136.73,17305470,59887.7
2033-06-08,135.89,140.77,134.47,139.32,12933021,61022.2
2033-06-09,139.88,140.85,135.44,136.39,12292200,59738.8
2033-06-10,136.84,139.67,136.75,139.57,13974515,61131.7
2033-06-13,139.87,143.77,134.62,138.48,11908404,60654.2
2033-06-14,137.91,139.44,136.85,138.37,10094320,60606.1
2033-06-15,138.86,139.01,130.6,130.74,27235270,57264.1
2033-06-16,130.99,132.23,124.12,125.31,16611049,54885.8
2033-06-17,126.41,126.83,116.07,116.46,20061961,51009.5
2033-06-20,117.43,118.41,117.36,118.33,13844212,51828.5
2033-06-21,118.15,121.7,113.16,116.66,12701200,51097.1
2033-06-22,116.58,117.21,114.58,115.2,10555181,50457.6
2033-06-23,115.48,121.25,113.64,119.35,21399456,52275.3
2033-06-24,118.42,125.87,117.34,124.73,23195382,54631.7
2033-06-27,124.38,129.18,123.37,128.15,13591425,56129.7
2033-06-28,128.68,132.78,128.25,132.33,18404170,57960.5
2033-06-29,131.32,136.94,129.88,135.46,12635716,59331.5
2033-06-30,135.51,137.46,132.44,134.37,10920242,58854.1
2033-07-01,134.17,134.38,131.29,131.5,11726445,57597.0
2033-07-04,131.67,134.62,130.78,133.72,11401261,58569.4
2033-07-05,134.06,136.54,128.46,130.88,12655974,57325.4
2033-07-06,131.36,136.23,130.33,135.17,17964546,59204.5
2033-07-07,135.29,135.51,133.91,134.12,9474839,58744.6
2033-07-08,135.18,143.7,133.32,141.75,20669293,62086.5
2033-07-11,142.03,144.38,136.32,138.62,14978756,60715.6
2033-07-12,137.73,138.08,135.04,135.39,14592534,59300.8
2033-07-13,134.74,140.99,132.54,138.72,12289750,60759.4
2033-07-14,138.08,141.66,124.41,127.72,24763442,55941.4
2033-07-15,128.15,128.94,124.86,125.63,12248469,55025.9
2033-07-18,125.7,127.07,118.32,119.62,26813971,52393.6
2033-07-19,119.22,124.36,117.73,122.82,13246676,53795.2
2033-07-20,122.55,127.47,121.75,126.65,14884985,55472.7
2033-07-21,127.61,129.03,123.25,124.64,10686537,54592.3
2033-07-22,125.31,126.53,123.18,124.39,10874917,54482.8
2033-07-25,125.34,133.29,123.9,131.77,18293042,57715.3
2033-07-26,130.17,135.39,129.08,134.26,12536958,58805.9
2033-07-27,132.65,134.09,124.6,125.96,19362379,55170.5
2033-07-28,126.19,128.14,124.64,126.59,8871967,55446.4
2033-07-29,125.01,126.42,124.78,126.19,10783797,55271.2
2033-08-01,125.62,128.49,124.94,127.8,12248589,55976.4
2033-08-02,127.24,128.74,124.37,125.85,14194082,55122.3
2033-08-03,125.59,127.51,113.33,115.09,24647908,50409.4
2033-08-04,115.65,117.46,106.78,108.48,21917615,47514.2
2033-08-05,109.68,111.38,102.49,104.11,15406832,45600.2
2033-08-08,104.73,104.82,98.15,98.23,21907265,43024.7
2033-08-09,99.11,100.44,98.77,100.1,16254657,43843.8
2033-08-10,100.24,100.97,96.53,97.24,18083366,42591.1
2033-08-11,97.74,98.42,95.79,96.46,11161282,42249.5
2033-08-12,97.07,102.96,96.39,102.25,24792522,44785.5
2033-08-15,101.28,108.6,101.11,108.42,18506625,47488.0
2033-08-16,108.41,112.71,107.22,111.48,16579830,48828.2
2033-08-17,111.24,115.47,107.82,112.03,16326619,49069.1
2033-08-18,111.44,111.84,108.18,108.58,17718963,47558.0
2033-08-19,108.36,112.62,106.87,111.08,11880209,48653.0
2033-08-22,110.79,115.78,110.54,115.52,19964053,50597.8
2033-08-23,115.56,120.92,114.25,119.56,15998137,52367.3
2033-08-24,119.51,121.31,113.64,115.37,16373434,50532.1
2033-08-25,115.97,117.31,105.58,106.81,24884297,46782.8
2033-08-26,107.43,110.22,107.4,110.19,14506408,48263.2
2033-08-29,110.38,110.47,105.57,105.66,17757886,46279.1
2033-08-30,105.44,113.38,105.41,113.35,22791156,49647.3
2033-08-31,113.68,117.51,113.27,117.09,20964834,51285.4
2033-09-01,117.34,118.06,114.56,115.27,12791733,50488.3
2033-09-02,115.82,120.29,114.49,118.92,16891241,52087.0
2033-09-05,119.05,121.43,118.08,120.45,20001376,52757.1
2033-09-06,120.17,131.11,118.98,129.83,23523668,56865.5
2033-09-07,130.19,131.22,125.83,126.83,13039946,55551.5
2033-09-08,127.84,127.84,119.92,119.92,20449377,52525.0
2033-09-09,119.73,121.47,114.41,116.1,14449332,50851.8
2033-09-12,115.51,116.56,115.4,116.45,13170900,51005.1
2033-09-13,117.27,120.32,113.43,116.47,9936009,51013.9
2033-09-14,116.52,118.4,110.82,112.63,15070024,49331.9
2033-09-15,111.77,115.5,111.11,114.82,14009274,50291.2
2033-09-16,115.39,116.29,106.15,106.99,20642449,46861.6
2033-09-19,106.99,107.59,98.64,99.19,20987530,43445.2
2033-09-20,100.14,106.57,98.24,104.6,17549780,45814.8
2033-09-21,103.97,107.94,101.88,105.82,11232070,46349.2
2033-09-22,105.74,106.43,97.35,97.99,22783933,42919.6
2033-09-23,98.68,99.71,97.82,98.85,9675982,43296.3
2033-09-26,98.47,103.52,97.92,102.94,16086265,45087.7
2033-09-27,102.63,104.46,101.37,103.19,14142378,45197.2
2033-09-28,103.98,105.59,102.38,103.99,9960795,45547.6
2033-09-29,102.94,115.02,102.03,114.02,31545806,49940.8
2033-09-30,114.43,115.46,112.65,113.68,12579823,49791.8
2033-10-03,113.38,116.56,104.43,107.45,17845835,47063.1
2033-10-04,106.66,108.62,102.76,104.69,19606393,45854.2
2033-10-05,104.47,104.92,99.29,99.72,16246820,43677.4
2033-10-06,98.77,99.15,96.18,96.55,18194061,42288.9
2033-10-07,96.46,98.85,94.91,97.28,11438065,42608.6
2033-10-10,96.42,98.21,95.87,97.65,11476626,42770.7
2033-10-11,97.86,106.76,97.77,106.66,22158490,46717.1
2033-10-12,106.2,110.87,105.32,109.96,20835845,48162.5
2033-10-13,109.98,114.95,109.91,114.88,15970536,50317.4
2033-10-14,114.76,116.04,107.23,108.44,21414542,47496.7
2033-10-17,108.49,108.54,106.02,106.08,14298396,46463.0
2033-10-18,105.97,112.98,105.56,112.55,18740962,49296.9
2033-10-19,111.93,112.09,109.2,109.36,22235380,47899.7
2033-10-20,109.13,109.42,106.61,106.89,14089154,46817.8
2033-10-21,106.38,106.75,104.03,104.4,13864054,45727.2
2033-10-24,104.84,107.56,104.15,106.85,12937295,46800.3
2033-10-25,106.74,108.82,102.7,104.74,13453232,45876.1
2033-10-26,104.36,104.92,103.82,104.38,12343625,45718.4
2033-10-27,105.27,105.89,100.76,101.36,14768221,44395.7
2033-10-28,100.3,104.86,98.52,103.04,10647909,45131.5
2033-10-31,103.19,103.64,93.46,93.88,22912184,41119.4
2033-11-01,93.44,94.97,91.23,92.75,11414606,40624.5
2033-11-02,92.84,93.24,91.65,92.05,9685933,40317.9
2033-11-03,92.18,93.43,87.41,88.62,17028795,38815.6
2033-11-04,88.99,90.45,84.95,86.37,13474426,37830.1
2033-11-07,86.22,86.74,85.77,86.29,12848287,37795.0
2033-11-08,86.12,92.51,84.67,90.97,17390743,39844.9
2033-11-09,90.95,97.97,88.98,95.9,22659684,42004.2
2033-11-10,95.7,100.97,95.69,100.96,18001936,44220.5
2033-11-11,101.56,111.84,101.1,111.34,29590269,48766.9
2033-11-14,111.04,114.15,109.29,112.37,9549309,49218.1
2033-11-15,112.29,113.75,110.67,112.12,13936595,49108.6
2033-11-16,111.48,114.26,105.55,108.24,14277122,47409.1
2033-11-17,107.47,108.14,107.04,107.71,8935404,47177.0
2033-11-18,107.7,110.94,106.93,110.15,14558649,48245.7
2033-11-21,109.78,114.21,109.68,114.1,16448183,49975.8
2033-11-22,113.6,116.41,112.62,115.41,14046066,50549.6
2033-11-23,116.13,117.89,110.21,111.9,13299918,49012.2
2033-11-24,112.28,121.09,109.52,118.17,18740224,51758.5
2033-11-25,117.71,127.04,116.66,125.91,24876394,55148.6
2033-11-28,126.01,129.18,124.79,127.93,12016724,56033.3
2033-11-29,127.29,130.0,127.16,129.88,14415191,56887.4
2033-11-30,129.51,130.77,125.9,127.14,11974404,55687.3
2033-12-01,127.49,129.65,125.23,127.4,9500692,55801.2
2033-12-02,126.39,126.61,125.1,125.33,16105564,54894.5
2033-12-05,126.29,129.73,118.95,122.28,14655781,53558.6
2033-12-06,122.56,125.49,120.24,123.16,16094179,53944.1
2033-12-07,121.72,129.36,121.11,128.72,18013376,56379.4
2033-12-08,128.94,132.23,128.38,131.66,13995907,57667.1
2033-12-09,132.86,133.57,124.5,125.17,16106159,54824.5
2033-12-12,125.26,134.36,123.11,132.09,21316575,57855.4
2033-12-13,132.51,151.01,130.43,148.67,28179708,65117.5
2033-12-14,147.4,147.87,146.15,146.62,12480552,64219.6
2033-12-15,147.17,151.2,144.92,148.94,12971585,65235.7
2033-12-16,149.01,162.8,147.77,161.46,29123209,70719.5
2033-12-19,160.45,160.67,159.73,159.95,13543600,70058.1
2033-12-20,159.79,162.43,155.99,158.62,10863333,69475.6
2033-12-21,158.92,160.78,158.15,160.0,10246101,70080.0
2033-12-22,159.69,160.47,159.34,160.12,9725216,70132.6
2033-12-23,161.61,162.97,156.06,157.38,16450862,68932.4
2033-12-26,156.77,159.18,150.29,152.64,16974000,66856.3
2033-12-27,152.34,156.55,138.01,141.93,22068800,62165.3
2033-12-28,141.13,143.7,139.91,142.48,10225751,62406.2
2033-12-29,141.11,142.87,135.65,137.37,16194363,60168.1
2033-12-30,136.58,153.66,136.52,153.6,27499518,67276.8
